sub _id,first_name,last_name,Street,Birth_date,Gender,Phone,Country,City,ZipCode,Subgrp_id,Elig_ind,eff_date,term_date
SUBID10000,Harbir,Vishwakarma,Baria Marg,6/30/1924,Female,+91 0112009318,India,Rourkela,767058,S107,Y,6/30/1944,1/14/1954
SUBID10001,Brahmdev,Sonkar,Lala Marg,12/20/1948,Female,+91 1727749552,India,Tiruvottiyur,34639,S105,Y,12/20/1968,5/16/1970
SUBID10002,Ujjawal,Devi,Mammen Zila,4/16/1980,Male,+91 8547451606,India,Berhampur,914455,S106,N,4/16/2000,5/4/2008
SUBID10003,Ballari,Mishra,Sahni Zila,9/25/1969,Female,+91 0106026841,India,Bihar Sharif,91481,S104,N,9/25/1989,6/5/1995
SUBID10004,Devnath,Srivastav,Magar Zila,5/1/1946,Female,+91 1868774631,India,Bidhannagar,531742,S110,N,5/1/1966,12/9/1970
SUBID10005,Atasi,Seth,Khatri Nagar,10/2/1967,Male,+91 9747336855,India,Amravati,229062,S104,Y,10/2/1987,2/13/1995
SUBID1006,Manish,Maurya,Swaminathan Chowk,6/6/1967,Male,+91 4354294043,India,Panvel,438733,S109,,6/6/1987,3/21/1995
SUBID10007,Aakar,Yadav,Swamy,3/5/1925,Female,+91 2777633911,India,Bihar Sharif,535907,S104,N,3/5/1945,11/7/1946
SUBID10008,Gurudas,Gupta,Sarin Nagar,5/6/1945,Male,+91 1232859381,India,Kamarhati,933226,S103,Y,5/6/1965,9/16/1970
SUBID10009,,Gupta,Thakur Circle,6/12/1925,Male,+91 1780763280,India,Bangalore,957469,S105,Y,6/12/1945,8/30/1953
SUBID1010,,Divedi,Dhillon,2/3/1976,Male,+91 5586075345,India,Rajkot,911319,S102,Y,2/3/1996,1/27/2002
SUBID10011,,Vishwakarma,Rajagopalan,1/22/1955,Female,+91 4146391938,India,Ghaziabad,337042,S106,N,1/22/1975,11/2/1978
SUBID10012,Dharmadaas,Tiwari,Rama,4/29/1964,Male,+91 6345482027,India,Bhalswa Jahangir Pur,430793,S103,N,4/29/1984,2/7/1988
SUBID10013,Brahmvir,Rai,Shah Path,11/11/1991,Male,+91 7316972612,India,Ambala,249898,S106,N,11/11/2011,5/23/2020
SUBID10014,,Srivastav,Chandra Path,1/25/1981,Female,+91 2960004518,India,Surendranagar Dudhrej,111966,S102,N,1/25/2001,7/13/2005
SUBID10015,Bhagvan,Srivastav,Edwin,7/24/1966,Female,+91 0297693485,India,Bhimavaram,436513,S105,Y,7/24/1986,2/4/1988
SUBID10016,Amritkala,Srivastav,Guha Path,11/20/1933,Female,+91 0537157280,India,Meerut,863467,S106,Y,11/20/1953,7/29/1955
SUBID10017,Bandhu,Seth,Varughese,10/15/1996,Male,+91 0695289163,India,Chinsurah,136713,S108,N,10/15/2016,6/8/2018
SUBID10018,Bhagavaana,Kumar,Kulkarni Zila,9/16/1935,Female,+91 6071745855,India,Shahjahanpur,597276,S101,N,9/16/1955,5/31/1958
SUBID10019,,Maurya,Sharaf Nagar,11/9/1924,Female,+91 8906694405,India,Jabalpur,958538,S104,N,11/9/1944,10/14/1951
SUBID1020,Umang,Srivastav,Balay Chowk,7/14/1963,Female,+91 9485838770,India,Haridwar,181692,S109,Y,7/14/1983,1/15/1986
SUBID1021,Darsana,Yadav,Upadhyay Zila,5/29/1932,Male,+91 7676311811,India,Dibrugarh,187414,S109,Y,5/29/1952,10/14/1953
SUBID10022,Prakash,Rao,Sachar,9/15/1923,Female,+91 9268324471,India,Kottayam,180680,,N,9/15/1943,10/19/1948
SUBID10023,Vaijayanti,Pratap,Khalsa Nagar,11/13/1920,Male,+91 9358851649,India,Mira-Bhayandar,419190,S102,Y,11/13/1940,3/10/1946
SUBID10024,Menakshi,Seth,Wable Street,3/6/1987,Male,+91 0531676556,India,Kamarhati,882577,S107,N,3/6/2007,2/25/2014
SUBID10025,,Tiwari,Sha Chowk,12/24/1955,Male,+91 2416747182,India,Karimnagar,567762,S106,N,12/24/1975,2/3/1983
SUBID10026,Ekant,Sonkar,Walla Road,8/13/1943,Male,+91 7686951174,India,Berhampore,948589,S110,Y,8/13/1963,5/29/1967
SUBID10027,Chancharik,Pandey,Karan Ganj,9/5/1983,Male,+91 5309364825,India,Chapra,154667,S109,N,9/5/2003,6/12/2011
SUBID10028,Pushti,Pandit,Deol Path,10/15/1935,Female,+91 7093722203,India,Morbi,284168,S106,N,10/15/1955,6/4/1959
SUBID10029,Swati,Seth,Kant Marg,12/11/1987,Female,+91 1028477510,India,Amravati,932221,S102,N,12/11/2007,10/17/2011
SUBID1030,Upasana,Pandey,Seth Chowk,6/1/1956,Male,+91 0548234943,India,Hyderabad,234823,S102,N,6/1/1976,2/14/1981
SUBID10031,Kanhaiya,Lal,Savant Nagar,10/19/1954,Female,+91 0788738026,India,Mysore,638433,S104,Y,10/19/1974,1/3/1977
SUBID1032,,Seth,Sandhu Chowk,7/2/1968,Female,+91 2599794460,India,Gwalior,611826,S110,N,7/2/1988,3/14/1991
SUBID10033,Gensho,Srivastav,Korpal Ganj,6/6/1992,Male,+91 4834040556,India,Ludhiana,835018,S101,N,6/6/2012,1/9/2022
SUBID1034,Gopal,Das,Saini,5/14/1986,Male,+91 1181471524,India,Raebareli,176221,S101,N,5/14/2006,4/8/2011
SUBID10035,Dheeman,Tiwari,Dube Marg,5/4/1945,Male,+91 8239321466,India,Mysore,811970,S101,Y,5/4/1965,11/13/1973
SUBID1036,Upasana,Thakur,Vasa Ganj,10/3/1927,Female,,India,Ratlam,326733,S108,N,10/3/1947,2/20/1951
SUBID1037,,Rajput,Shere Chowk,11/10/1948,Male,+91 8390195092,India,Vadodara,877443,S101,Y,11/10/1968,12/25/1973
SUBID1038,,Thakur,Rastogi Street,4/7/1955,Female,+91 7434031446,India,Vijayawada,438940,S104,,4/7/1975,1/25/1982
SUBID10039,Madhubala,Yadav,Sangha Marg,1/11/1937,Male,+91 8498685882,India,Jaunpur,624102,S104,Y,1/11/1957,10/9/1965
SUBID10040,Anjushree,Pandey,Vora Ganj,7/4/1976,Male,+91 5322869455,India,Ghaziabad,782221,S105,N,7/4/1996,2/17/1999
SUBID1041,,Rajput,Sinha Path,11/25/1930,Female,,India,Agartala,303503,S110,Y,11/25/1950,9/14/1957
SUBID10042,Chakrika,Sonkar,Bansal Circle,8/5/1964,Male,+91 8185162879,India,Ranchi,503290,S108,Y,8/5/1984,9/9/1992
SUBID1043,Saroj,Pandit,Sathe Zila,8/26/1942,Female,+91 5690408243,India,Muzaffarpur,130486,S103,Y,8/26/1962,8/29/1964
SUBID1044,Ayushmati,Vishwakarma,Balakrishnan Street,9/20/1932,Male,+91 3683223970,India,Satna,131247,S108,N,9/20/1952,1/24/1961
SUBID1045,Drashti,Divedi,Wadhwa,7/3/1926,Male,+91 9447269993,India,Saharsa,581568,S104,Y,7/3/1946,11/27/1952
SUBID10046,Aayushmaan,Maurya,Johal Nagar,11/14/1983,Female,+91 4464709769,India,Mehsana,987281,S104,Y,11/14/2003,10/22/2012
SUBID1047,,Rai,Sagar Chowk,2/4/1931,Male,+91 2973105946,India,Shivpuri,794170,S109,Y,2/4/1951,7/14/1955
SUBID10048,Chitranjan,Mishra,Madan Nagar,9/9/1925,Female,+91 5176024720,India,Morbi,945697,S108,N,9/9/1945,6/21/1952
SUBID10049,Paridhi,Yadav,Sant Path,3/27/1959,Female,+91 2139280879,India,Jabalpur,883754,,N,3/27/1979,6/1/1985
SUBID10050,Deependu,Gupta,Banik Ganj,2/13/1952,Female,+91 5674176644,India,Bareilly,417855,S102,Y,2/13/1972,8/23/1976
SUBID10051,,Rajput,Chauhan Chowk,10/17/1946,Male,+91 9887324437,India,Baranagar,765234,S103,Y,10/17/1966,6/26/1969
SUBID10052,Laksman,Rao,Sood Marg,5/26/1939,Female,+91 4504120828,India,Ahmednagar,117923,S101,Y,5/26/1959,11/7/1960
SUBID10053,,Sonkar,Shetty Marg,6/27/1988,Male,+91 6877897646,India,Pali,383290,S102,Y,6/27/2008,10/30/2016
SUBID10054,Shivakari,Pratap,Dugar Road,11/2/1944,Female,+91 3740484063,India,Hapur,28202,S104,N,11/2/1964,6/15/1967
SUBID10055,Madhu,Thakur,Sule Marg,10/23/1984,Male,+91 8367885507,India,Udaipur,565423,S107,N,10/23/2004,7/10/2008
SUBID10056,Chanak,Gupta,Shetty Nagar,8/27/1954,Male,+91 5093121123,India,Jalandhar,602989,S105,N,8/27/1974,6/15/1982
SUBID10057,Chittesh,Pandey,Mangal Chowk,10/17/1949,Male,+91 1378163498,India,Thoothukudi,666415,S109,Y,10/17/1969,10/8/1975
SUBID1058,Nawal,Rajput,Deol Nagar,1/22/1940,Male,+91 1885105576,India,Bhopal,791168,S106,N,1/22/1960,4/18/1969
SUBID10059,Gajabahu,Singh,Kara,3/15/1959,Male,+91 1207869436,India,Udupi,637221,S101,Y,3/15/1979,7/5/1986
SUBID10060,Jitesh,Vishwakarma,Gopal Path,2/3/1983,Male,+91 6515468035,India,Karimnagar,124564,S110,Y,2/3/2003,4/30/2008
SUBID10061,,Rajput,Anand Path,9/25/1966,Female,+91 6477918745,India,Kharagpur,934938,S103,,9/25/1986,6/3/1991
SUBID1062,Lalit,Mishra,Comar Street,2/15/1924,Female,+91 4647833992,India,Tinsukia,963770,S103,N,2/15/1944,9/28/1947
SUBID1063,Anshuk,Srivastav,Sridhar Path,6/17/1991,Male,+91 9764690642,India,Uluberia,270985,S105,N,6/17/2011,7/11/2014
SUBID10064,,Pandey,Mangat Path,1/13/1994,Male,+91 8444537013,India,Panihati,643791,S110,N,1/13/2014,2/24/2019
SUBID1065,Dipesh,Mishra,Char Path,4/1/1949,Female,+91 5851958964,India,Kochi,31269,S103,Y,4/1/1969,6/2/1970
SUBID10066,,Seth,Chaudhuri Marg,9/1/1930,Male,+91 7061843400,India,Kolhapur,597470,S102,N,9/1/1950,12/1/1957
SUBID1067,Kishan,Rao,Badal Nagar,5/12/1923,Male,+91 9067652693,India,Srikakulam,703899,S110,Y,5/12/1943,9/20/1946
SUBID10068,,Mishra,Bath Nagar,2/26/1927,Female,+91 4984346995,India,Ambarnath,766224,S110,N,2/26/1947,3/30/1948
SUBID10069,Bhageeratha,Srivastav,Das Ganj,3/21/1973,Male,+91 0590662722,India,Sonipat,695316,S103,Y,3/21/1993,8/1/1997
SUBID10070,Balaaditya,Gupta,Varty Road,11/2/1923,Male,+91 3871269153,India,Hajipur,3526,S109,N,11/2/1943,9/24/1952
SUBID10071,,Rai,Choudhury Chowk,12/26/1941,Female,+91 9287216619,India,Vellore,239532,S101,N,12/26/1961,2/23/1969
SUBID10072,Gopal,Srivastav,Desai Street,3/11/1936,Female,+91 3791210190,India,Bidhannagar,761800,S103,Y,3/11/1956,7/28/1964
SUBID1073,Virender,Maurrya,Chakrabarti,10/27/1936,Male,+91 7734026802,India,Bhusawal,374302,S104,N,10/27/1956,4/27/1961
SUBID10074,,Singh,Kalla Path,11/21/1963,Male,+91 7881749363,India,Bokaro,866319,S105,Y,11/21/1983,9/29/1985
SUBID10075,,Singh,Iyengar Nagar,1/29/1956,Male,+91 6891482136,India,Navi Mumbai,836175,S107,N,1/29/1976,5/25/1979
SUBID10076,Mamta,Tiwari,Batra,12/21/1964,Female,+91 5559521919,India,Secunderabad,123181,S104,N,12/21/1984,1/8/1987
SUBID10077,Girija,Maurrya,Iyengar Road,4/25/1933,Male,+91 1811765039,India,Jaipur,204379,S105,N,4/25/1953,4/18/1963
SUBID10078,Aaraadhana,Rao,Raval Nagar,2/7/1980,Male,+91 2432610572,India,Jhansi,429941,S108,N,2/7/2000,2/6/2005
SUBID10079,Shahnawaz,Mishra,Agate Path,6/24/1971,Female,+91 4117017589,India,Rampur,528893,S102,Y,6/24/1991,9/13/2000
SUBID10080,Tej,Sonkar,Sarraf Chowk,6/11/1942,Male,+91 3450311029,India,Haridwar,506221,S105,Y,6/11/1962,10/14/1964
SUBID10081,Mansi,Divedi,Bhattacharyya Road,3/20/1947,Female,+91 1135113927,India,Hosur,995152,S105,Y,3/20/1967,7/25/1971
SUBID10082,Girika,Thakur,Sinha Zila,11/3/1968,Female,+91 5601148700,India,Hospet,683614,S102,N,11/3/1988,1/21/1992
SUBID10083,Bhilangana,Pandit,Ramachandran Path,1/4/1995,Female,+91 6653069630,India,Fatehpur,359466,S109,Y,1/4/2015,10/5/2017
SUBID10084,,Thakur,Raval Zila,6/7/1924,Female,+91 7367059254,India,Bhavnagar,464111,S107,Y,6/7/1944,5/22/1952
SUBID10085,Sukanya,Sonkar,Sangha Street,1/16/1942,Female,+91 5689645499,India,Vijayanagaram,226215,S101,N,1/16/1962,4/10/1967
SUBID1086,Banita,Rao,Thakur,1/28/1979,Male,+91 4743834161,India,Ghaziabad,907613,S109,N,1/28/1999,9/5/2000
SUBID1087,,Pandit,Srivastava Path,12/10/1924,Female,+91 9158965227,India,Sambhal,279219,S103,N,12/10/1944,7/16/1951
SUBID10088,,Rajput,Dua Zila,7/30/1922,Female,+91 9523946101,India,Tadipatri,743449,S110,N,7/30/1942,6/7/1949
SUBID10089,Dhuha,Tiwari,Aggarwal Street,8/21/1952,Male,+91 3188519840,India,Rampur,492137,S104,,8/21/1972,5/13/1981
SUBID10090,,Mishra,Chandran Nagar,6/7/1938,Female,+91 6869721169,India,Sikar,564747,S101,Y,6/7/1958,8/23/1967
SUBID1091,,Thakur,Bala,12/31/1930,Male,+91 9664169480,India,Kamarhati,682652,S110,Y,12/31/1950,6/21/1958
SUBID10092,,Rai,Karan Street,8/22/1940,Others,+91 7498206646,India,Ghaziabad,79586,S108,N,8/22/1960,10/6/1966
SUBID10093,Chandavarman,Singh,Sarkar Circle,5/10/1997,Others,+91 6559031791,India,Navi Mumbai,83240,S110,N,5/10/2017,8/27/2022
SUBID10094,Charanpal,Yadav,Sehgal Circle,10/12/1986,Male,+91 2196055115,India,Gurgaon,640326,S109,Y,10/12/2006,5/13/2016
SUBID10095,Ekaaksh,Rai,Bansal Ganj,12/2/1933,Others,,India,Pimpri-Chinchwad,158186,S107,N,12/2/1953,7/29/1960
SUBID10096,Chanak,Sonkar,Kaur,4/7/1959,Others,+91 7284540687,India,Raurkela Industrial Township,899590,S101,Y,4/7/1979,3/7/1986
SUBID10097,,Sonkar,Rana Ganj,2/4/1940,Others,+91 8908240160,India,Mira-Bhayandar,896586,S107,Y,2/4/1960,1/12/1965
SUBID1098,Pushkar,Kumar,Sodhi Zila,10/5/1934,Others,+91 8956368286,India,Korba,910732,S107,Y,10/5/1954,4/5/1961
SUBID10099,Shikha,Srivastav,Ahuja Road,9/6/1970,Others,+91 3042509956,India,Nanded,101500,S109,Y,9/6/1990,11/27/1997
